id,route_id,seq,time_or_label,timezone,activity,type,location,from_location,to_location,duration_minutes,name
1,10,1,10:00,WITA,Pick up at your hotel in Bali and depart for Gilimanuk Harbor. This is the overland transfer segment across Bali toward the ferry port to continue the journey to Banyuwangi.,TravelAction,"",Hotel in Bali,Gilimanuk Harbor,240,Bali Hotel Pick-up to Gilimanuk
2,10,2,14:00,"",Arrive at Gilimanuk Harbor and proceed with the ferry boarding process. This step covers arrival at the harbor and completing the necessary boarding flow to cross to Ketapang Port.,TravelAction,"",Gilimanuk Harbor,Ketapang Port,60,Ferry Crossing to Ketapang
3,10,3,14:15,WIB,"Arrive at Ketapang Port, Banyuwangi, and note the time zone change of -1 hour. This is the arrival point on the Java side; adjust your timing reference accordingly before continuing the transfer to the hotel.",TravelAction,"",Ketapang Port,Banyuwangi Hotel,15,Transfer to hotel in Banyuwangi
4,10,4,14:15,WIB,Check-in at the Banyuwangi hotel. This step covers arrival at your accommodation and completing the standard check-in process so you can settle in after the crossing.,CheckInAction,Banyuwangi Hotel,"","",10,Hotel Check-in
5,10,5,14:30,WIB,"A health screening will be conducted by medical personnel at a local clinic. This is a quick procedure to check vital signs as a prerequisite for climbing Ijen, completed as a short scheduled stop before the evening program.",TouristAttractionVisit,Local Clinic,"","",15,Ijen Health Screening
6,10,6,19:00,WIB,"Dinner at the hotel or a nearby restaurant (own expense). This is the planned dinner window in Banyuwangi city after check-in and the health screening, with dining costs handled personally.",TouristAttractionVisit,Banyuwangi City,"","",60,Dinner
7,11,1,"09:00",WITA,"Pick up at your hotel in Bali. Meet our team at the agreed pick-up point, confirm departure readiness, then begin the road transfer across Bali toward Gilimanuk Harbor for the ferry connection to Java.",TravelAction,"",Hotel in Bali,Gilimanuk Harbor,240,Bali Hotel Pick-up to Gilimanuk
8,11,2,13:00,"","Arrive at Gilimanuk Harbor and proceed with the ferry boarding process. This step covers arrival at the port area, moving through the boarding flow, and getting ready to cross to Ketapang Port.",TravelAction,"",Gilimanuk Harbor,Ketapang Port,60,Ferry Crossing to Ketapang
9,11,3,13:00,WIB,"Arrive at Ketapang Port, Banyuwangi, and note the time zone change (-1 hour). After disembarking, continue with the overland transfer toward Bondowoso City as scheduled for the day.",TravelAction,"",Ketapang Port,Bondowoso City,210,Transfer to Bondowoso City Hotel
10,11,4,16:30,WIB,Arrive in Bondowoso and complete the hotel check-in process. This is the settling-in step after the cross-strait transfer and the drive inland to the Bondowoso (Ijen area) accommodation.,CheckInAction,Bondowoso Hotel,"","",10,Bondowoso Hotel Check-in
11,11,5,17:30,WIB,A health screening will be conducted by medical personnel directly at your hotel. This is a quick vital-signs check scheduled as a prerequisite step before the Ijen climb program.,TouristAttractionVisit,Bondowoso Hotel,"","",15,Ijen health screening
12,11,6,19:00,WIB,"Dinner is served at the accommodation (included). This is the planned evening meal at the hotel after check-in and the health screening, allowing time to rest after a long travel day.",TouristAttractionVisit,Bondowoso Hotel,"","",60,Included Dinner at Hotel
13,12,1,"08:00",WITA,Morning pick up at your hotel in Bali. Meet at the confirmed lobby pick-up point and begin the overland transfer toward Gilimanuk Harbor to connect with the ferry crossing.,TravelAction,"",Hotel in Bali,Gilimanuk Harbor,240,Bali Morning Pick-up to Gilimanuk
14,12,2,12:00,"",Arrive at Gilimanuk Harbor and board the ferry. This step covers port arrival and completing the boarding flow to begin the sea crossing to Ketapang Port.,TravelAction,"",Gilimanuk Harbor,Ketapang Port,60,Ferry Crossing to Ketapang
15,12,3,12:00,WIB,"Arrive at Ketapang Port, Banyuwangi and continue the long overland transfer to the Bromo area. This is the extended road journey segment connecting the ferry arrival point to the Bromo accommodation area.",TravelAction,"",Ketapang Port,Bromo Area,300,Long Journey to Bromo
16,12,4,13:00,WIB,"Lunch (at your own expense) along the way. This is a short, practical meal stop during the drive, with time allocated to order food and take a brief rest before continuing the transfer.",TouristAttractionVisit,En route to Bromo,"","",30,Lunch Break (Own Expense)
17,12,5,18:00,WIB,Estimated arrival in the Bromo area. Check in to your hotel and rest immediately. This step covers arrival at the accommodation and completing check-in so you can settle in after a full day of travel.,CheckInAction,Bromo Hotel,"","",10,Bromo Hotel Check-in
18,21,1,"02:00","","Starting the Bromo Jeep tour. Begin the scheduled early-morning Jeep-based Bromo program, following the sunrise tour sequence in the Mount Bromo area within the allocated time window.",TouristAttractionVisit,Mount Bromo,"","",390,Bromo Jeep Tour Experience
19,21,2,"08:30","",Back to the hotel for breakfast. Return from the morning Bromo program to the hotel and take a proper breakfast break before the mid-day check-out and onward transfer.,TouristAttractionVisit,Bromo Hotel,"","",60,Hotel Breakfast
20,21,3,12:00,"",Check-out hotel. Complete the hotel check-out process and prepare luggage and departure logistics for the overland journey to Bondowoso (Ijen area).,CheckOutAction,Bromo Hotel,"","",10,Bromo Hotel Check-out
21,21,4,12:00,"","Travel to Bondowoso (about 3-4 hours). Start the overland transfer from the Bromo area to Bondowoso, transitioning from the volcanic highlands toward the Ijen-area base town as scheduled.",TravelAction,"",Bromo Area,Bondowoso,210,Transfer to Bondowoso
22,21,5,13:30,"","Stop for lunch on the way (cost not included). Take a short meal break during the transfer, allowing time to order food and rest briefly before continuing to Bondowoso.",TouristAttractionVisit,En route to Bondowoso,"","",30,Lunch Break (Own Expense)
23,21,6,15:30,"","Arrive in Bondowoso, check-in hotel. Reach the Bondowoso accommodation and complete the check-in procedure so you can settle in after the transfer day.",CheckInAction,Bondowoso Hotel,"","",10,Bondowoso Hotel Check-in
24,21,7,17:30,"",A health screening will be conducted by medical personnel directly at your hotel. This is a quick vital-signs check scheduled as a prerequisite before the Ijen climbing program.,TouristAttractionVisit,Bondowoso Hotel,"","",15,Ijen health screening
25,21,8,19:00,"","Dinner is served at the accommodation (included). Conclude the day with the planned dinner at the hotel, allowing time to rest and recover after an early start and long transfer.",TouristAttractionVisit,Bondowoso Hotel,"","",60,Included Dinner at Hotel
26,22,1,"02:00","","Starting the Bromo Jeep tour. Begin the scheduled early-morning Jeep program in the Mount Bromo area, following the sunrise tour sequence as the first major block of the day.",TouristAttractionVisit,Mount Bromo,"","",390,Bromo Jeep Tour Experience
27,22,2,"09:00","",Back to the hotel for a quick breakfast. Return to the hotel after the Bromo program for a short breakfast stop before immediate check-out and departure for the long drive.,TouristAttractionVisit,Bromo Hotel,"","",30,Quick Hotel Breakfast
28,22,3,10:00,"","Check-out and immediately start the journey to Ketapang Harbor (approximately 6-7 hours). Complete hotel check-out promptly, then depart for Ketapang Harbor to connect with the ferry route to Bali.",CheckOutAction,Bromo Hotel,"","",30,Bromo Hotel Check-out
29,22,4,17:00,"","Arriving at Ketapang Harbor, our Java side tour ends here. This is the final arrival step on the Java side; upon reaching Ketapang Harbor, the land transfer segment concludes as scheduled.",TravelAction,Ketapang Harbor,Bromo Area,Ketapang Harbor,390,Transfer to Ketapang Harbor
30,23,1,"02:00","","Starting the Bromo Jeep tour. Begin the scheduled Mount Bromo sunrise Jeep program, completing the morning route in the Bromo area within the allocated touring block.",TouristAttractionVisit,Mount Bromo,"","",420,Bromo Jeep Tour Experience
31,23,2,"09:00","",Back to the hotel for breakfast. Return from the Bromo program to the hotel for breakfast and a short reset before check-out and the next transfer to Lumajang.,TouristAttractionVisit,Bromo Hotel,"","",30,Hotel Breakfast
32,23,3,11:00,"",Check-out hotel. Complete the hotel check-out process at the Bromo hotel and prepare to depart for the Lumajang / Tumpak Sewu area.,CheckOutAction,Bromo Hotel,"","",10,Bromo Hotel Check-out
33,23,4,11:00,"","Travel to Lumajang (about 3-4 hours). Start the overland drive from the Bromo area to Lumajang, shifting from the volcano region toward the Tumpak Sewu accommodation area.",TravelAction,"",Bromo Area,Lumajang,210,Transfer to Lumajang
34,23,5,14:30,"","Arrive at the Tumpak Sewu area, check-in at the homestay. Reach the Tumpak Sewu area and complete the homestay check-in so you can settle in before the next day’s waterfall program.",CheckInAction,Tumpak Sewu Homestay,"","",10,Tumpak Sewu Homestay Check-in
35,20,1,"02:30","","Starting the Bromo Jeep tour. Begin the scheduled Mount Bromo sunrise tour sequence by Jeep, completing the morning program within the allocated time block.",TouristAttractionVisit,Mount Bromo,"","",390,Bromo Jeep Tour Experience
36,20,2,"09:00","",Back to the hotel for breakfast. Return to the Bromo hotel after the morning Jeep tour and take a short breakfast break before the mid-day transition.,TouristAttractionVisit,Bromo Hotel,"","",30,Hotel Breakfast
37,20,3,11:00,"","Check-out, travel to Madakaripura. Complete hotel check-out and begin the transfer toward Madakaripura Waterfall to continue the day’s itinerary sequence.",CheckOutAction,Bromo Hotel,"","",10,Bromo Hotel Check-out
38,20,4,11:30,"","Arrive at Madakaripura and start trekking. This is the main on-site activity window at Madakaripura Waterfall, dedicated to the trek segment as listed in the schedule.",TouristAttractionVisit,Madakaripura Waterfall,"","",180,Madakaripura Trekking
39,20,5,13:30,"","After trekking, have lunch (fees not included). This is the planned meal break after the Madakaripura trekking segment, with dining costs handled personally.",TouristAttractionVisit,Madakaripura Area,"","",60,Lunch After Trek (Own Expense)
40,20,6,14:30,"","Journey to Surabaya. Begin the return transfer from the Madakaripura area to Surabaya, closing the day tour route.",TravelAction,"",Madakaripura,Surabaya,120,Transfer to Surabaya
41,20,7,16:30,"",Arrived in Surabaya. Complete arrival procedures and proceed to the final drop-off point as applicable.,TravelAction,Surabaya,"","","0",Arrival in Surabaya
42,24,1,"02:00","","Starting the Bromo Jeep tour. Begin the early-morning Jeep-based Bromo sunrise program, completing the Mount Bromo touring block as scheduled before continuing onward later in the day.",TouristAttractionVisit,Mount Bromo,"","",420,Bromo Jeep Tour Experience
43,24,2,"09:00","",Back to the hotel for breakfast. Return to the Bromo hotel after the morning program for breakfast and a short rest before check-out and departure to Malang.,TouristAttractionVisit,Bromo Hotel,"","",30,Hotel Breakfast
44,24,3,12:00,"",Check-out hotel. Complete the hotel check-out and prepare for the transfer from the Bromo area to the Malang area.,CheckOutAction,Bromo Hotel,"","",30,Bromo Hotel Check-out
45,24,4,12:00,"","Travel to Malang (about 2-3 hours). Begin the road transfer from the Bromo area to Malang, transitioning from the volcano region to the city accommodation area.",TravelAction,"",Bromo Area,Malang,150,Transfer to Malang
46,24,5,14:30,"","Arrive in Malang, check-in hotel. Reach Malang and complete the hotel check-in process, concluding the day’s relocation after the Bromo sunrise program.",CheckInAction,Malang Hotel,"","",10,Malang Hotel Check-in
47,19,1,"02:00","","Starting the Bromo Jeep tour. Begin the sunrise tour sequence by Jeep in the Mount Bromo area, following the planned route flow for the morning program.",TouristAttractionVisit,Mount Bromo,"","",420,Bromo Jeep Tour Experience
48,19,2,"09:00","",Back to the hotel for breakfast. Return from the Bromo morning program to the hotel and take a short breakfast break before check-out and departure.,TouristAttractionVisit,Bromo Hotel,"","",30,Hotel Breakfast
49,19,3,12:00,"",Check-out from the hotel. Complete the hotel check-out process and prepare for the overland transfer to Surabaya.,CheckOutAction,Bromo Hotel,"","",10,Bromo Hotel Check-out
50,19,4,12:00,"","Journey to Surabaya. Start the road transfer from the Bromo area to Surabaya as scheduled, concluding the Bromo segment for the day.",TravelAction,"",Bromo Area,Surabaya,180,Transfer to Surabaya
51,19,5,15:00,"",Arrive in Surabaya and proceed with the final transfer to your requested drop-off (hotel/airport). Tour ends after drop-off completion.,TravelAction,"",Surabaya,Airport / Hotel,30,Finish at Surabaya City
57,17,1,"09:00",WIB,Breakfast at your hotel. This is the planned morning meal before check-out and the cross-strait transfer back to Bali.,TouristAttractionVisit,Hotel in Banyuwangi,"","",60,Hotel Breakfast
58,17,2,10:00,WIB,Check-out from your hotel. Complete the standard check-out procedure and prepare for departure to the ferry port.,CheckOutAction,Hotel in Banyuwangi,"","",30,Hotel Check-out
59,17,3,10:30,WIB,Arrive at Ketapang Port and board the ferry. This step covers traveling to the port area and proceeding with the ferry boarding flow for the crossing to Gilimanuk.,TravelAction,Ketapang Port,Banyuwangi,Ketapang Port,30,Transfer to Ketapang Port
60,17,4,13:00,"","Arrive at Gilimanuk Harbor, Bali (+1 hour time zone). After disembarking, adjust to the time zone difference and continue onward by road toward the final hotel drop-off area.",TravelAction,Gilimanuk Harbor,Ketapang Port,Gilimanuk Harbor,150,Ferry to Gilimanuk
61,17,5,16:30,"",Estimated arrival at your hotel in southern Bali. Complete the final transfer from Gilimanuk to the requested hotel drop-off point. Tour ends upon arrival.,TravelAction,"",Gilimanuk Harbor,Southern Bali,210,Transfer to Southern Bali
62,16,1,"07:30","","Breakfast at your hotel. This is the planned morning meal time before departure, allowing you to start the snorkeling day with breakfast at the accommodation.",TouristAttractionVisit,Hotel in Banyuwangi,"","",60,Hotel Breakfast
63,16,2,"08:30","","Depart from your hotel in Banyuwangi. Begin the road transfer to Bangsring according to the schedule, arriving at the snorkeling area for preparation.",TravelAction,"",Hotel in Banyuwangi,Bangsring,45,Transfer to Bangsring
64,16,3,"09:15","","Arrive at Bangsring and prepare snorkeling equipment. This step covers getting ready on-site, including arranging and fitting the provided/required gear before entering the water program.",TouristAttractionVisit,Bangsring,"","",30,Snorkeling Preparation
65,16,4,"09:45","","Head to the floating house and start snorkeling activities. This is the main activity window, moving to the floating house area and continuing with the snorkeling session for the allocated duration.",TouristAttractionVisit,Bangsring Floating House,"","",135,Snorkeling at Bangsring
66,16,5,12:00,"","Return to land and rinse yourself. This segment is for ending the water activities, returning to shore, and cleaning up after snorkeling before the return transfer.",TouristAttractionVisit,Bangsring,"","",60,Post-Snorkeling Rinse
67,16,6,13:00,"","Return to hotel or lunch (fee not included). This final segment covers the wrap-up and transfer back toward the Banyuwangi hotel, with an optional lunch stop noted as not included.",TravelAction,"",Bangsring,Hotel in Banyuwangi,60,Return to Hotel
68,14,1,"00:00","","Follow the entire Ijen tour series. This block represents the full scheduled Ijen program as arranged for the day, completed in sequence before the onward transfer to the Bromo area later.",TouristAttractionVisit,Ijen Crater,"","",540,Ijen Tour Experience
69,14,2,11:00,"","Check-out from the Ijen area hotel. This is the formal check-out step after finishing the Ijen tour series, preparing for lunch and the transfer toward the Bromo area.",CheckOutAction,Bondowoso City,"","",10,Ijen Hotel Check-out
70,14,3,11:30,"","Enjoy lunch at a local restaurant (included). This is the planned meal break after hotel check-out, allowing time to sit down, eat, and reset before the overland drive to Bromo.",TouristAttractionVisit,Local Restaurant,"","",60,Lunch at Restaurant
71,14,4,12:30,"",Start the journey to the Bromo area (about 3-4 hours). This is the main overland transfer segment from the Ijen-area base (Bondowoso City) to the Bromo area accommodation zone.,TravelAction,"",Bondowoso City,Bromo Area,210,Journey to Bromo
72,14,5,16:00,"","Arrive in Bromo area, check-in hotel. This step covers arrival at the accommodation and completing check-in so you can rest and prepare for the next day’s Bromo program.",CheckInAction,Hotel in Bromo Area,"","",10,Bromo Hotel Check-in
73,15,1,"00:00","","Take the Ijen tour. This block represents completing the scheduled Ijen program for the day, finished in full before the onward travel sequence to Jember and Papuma Beach.",TouristAttractionVisit,Ijen Crater,"","",540,Ijen Tour
74,15,2,12:00,"","Check out hotels in the Ijen area. This is the departure step from the Ijen-area accommodation after completing the Ijen tour block, transitioning to lunch and onward travel.",CheckOutAction,Bondowoso City,"","",10,Ijen Hotel Check-out
75,15,3,12:00,"","Lunch at a local restaurant (included). This is the planned meal stop after check-out, providing time to eat before the transfer toward Jember.",TouristAttractionVisit,Bondowoso City,"","",60,Lunch at Restaurant
76,15,4,13:00,"",Journey to Jember. This segment is the overland transfer from the Ijen-area base (Bondowoso City) to Jember as scheduled for the day’s long itinerary.,TravelAction,"",Bondowoso City,Jember,60,Journey to Jember
77,15,5,14:00,"","Arrive in Jember, check-in, then head straight to Papuma Beach. This step covers arriving at the Jember hotel, completing check-in efficiently, and continuing onward to the beach for the late-afternoon program.",CheckInAction,Hotel in Jember,"","",30,Jember Hotel Check-in
78,15,6,17:00,"","Enjoying the sunset. This is the dedicated time window at Papuma Beach to relax, take photos, and experience the late-day atmosphere during sunset hour.",TouristAttractionVisit,Papuma Beach,"","",60,Papuma Sunset Experience
79,15,7,18:00,"","Back to the hotel in Jember. This is the return transfer segment after the sunset stop, concluding the day’s coastal visit upon arrival back at the Jember accommodation.",TravelAction,"",Papuma Beach,Hotel in Jember,60,Return to Jember Hotel
86,30,1,"08:00","","Breakfast at your hotel. Start the morning with breakfast at the hotel, preparing for the scheduled educational visit later in the morning.",TouristAttractionVisit,Hotel in Jember,"","",60,Hotel Breakfast
87,30,2,"09:00","",Depart from your hotel in Jember. Begin the short transfer from the hotel to the Technopark location to start the scheduled visit.,TravelAction,"",Hotel in Jember,Technopark,45,Transfer to Technopark
88,30,3,"09:45","",Arrive at Technopark and start the tour with a local guide.,TouristAttractionVisit,Technopark,"","",120,Technopark Guided Tour
89,30,4,11:45,"",Product tasting and souvenir shopping sessions.,TouristAttractionVisit,Technopark,"","",45,Tasting and Shopping
90,30,5,12:30,"",Back to Jember.,TravelAction,"",Technopark,Jember,45,Return to Jember
91,31,1,"03:30","","Check out hotel. Complete the standard hotel check-out process in Jember, confirm departure readiness, and prepare for the early transfer toward the early Tumpak Sewu (Lumajang) area.",CheckOutAction,Hotel in Jember,"","",10,Check out from hotel
92,31,2,"03:30","","Transfer to Tumpak Sewu waterfall. Depart from the hotel in Jember and begin the direct overland drive to the Tumpak Sewu area, using the allocated travel window for the point-to-point transfer.",TravelAction,"",Hotel in Jember,Tumpak Sewu,180,Journey to Tumpak Sewu
93,31,3,"06:30","","Arrive at the Tumpak Sewu area (Lumajang), and explore Tumpak Sewu Waterfall. Use this activity block for the on-site waterfall experience in the Tumpak Sewu area, following the planned visit duration for exploration and viewing as scheduled.",TouristAttractionVisit,Tumpak Sewu Area,"","",240,Explore Tumpak Sewu Waterfall
94,29,1,14:00,"","Arrive in Jember, check-in, then head straight to Papuma Beach. Complete a quick hotel check-in on arrival in Jember as scheduled, preparing for the afternoon departure to Papuma Beach for the sunset-focused program.",CheckInAction,Hotel in Jember,"","",10,Jember Hotel Check-in
95,29,2,14:00,"",Depart from your hotel in Jember. Begin the road transfer from the Jember hotel to Papuma Beach to start the late-afternoon coastal visit.,TravelAction,"",Hotel in Jember,Papuma Beach,75,Transfer to Papuma Beach
96,29,3,16:15,"","Arriving at Papuma Beach, take a walk along the beach. Use this time for a relaxed beach walk, photo opportunities, and enjoying the coastal atmosphere before the dedicated sunset window.",TouristAttractionVisit,Papuma Beach,"","",65,Beach Walk at Papuma
97,29,4,17:20,"","Enjoy the sunset moment. This is the main sunset viewing window at Papuma Beach, allowing time to settle into a viewpoint and capture the changing evening light.",TouristAttractionVisit,Papuma Beach,"","",40,Papuma Sunset Experience
98,29,5,18:00,"","Back to Jember. Depart Papuma Beach and return by road to Jember, concluding the sunset outing upon arrival back in town.",TravelAction,"",Papuma Beach,Jember,60,Return to Jember
99,32,1,"08:00","","Breakfast at your hotel. Start the day with breakfast at the accommodation, allowing time to prepare for the scheduled city tour departure.",TouristAttractionVisit,Hotel in Malang,"","",60,Hotel Breakfast
100,32,2,"09:00","","Pick up at your hotel in Malang. Meet at the hotel pick-up point, confirm the day’s route flow, and begin the city tour sequence from Malang.",TravelAction,"",Hotel in Malang,"",30,Malang Hotel Pick-up
101,32,3,"09:30","","Visiting Jodipan Colorful Village. Arrive at the village area and spend the allotted time walking through the colorful neighborhood setting, focusing on the scheduled visit and photo opportunities during this stop.",TouristAttractionVisit,Jodipan Colorful Village,"","",60,Visit Jodipan Colorful Village
102,32,4,11:00,"","Exploring San Terra De Laponte. Use this visit block to explore the attraction area as scheduled, following the on-site flow for sightseeing and taking photos within the allocated time window.",TouristAttractionVisit,San Terra De Laponte,"","",120,Explore San Terra De Laponte
103,32,5,13:00,"","Lunch in Batu (cost not included). Take the planned meal break in Batu, with time allocated to choose food and rest briefly before continuing the afternoon stops.",TouristAttractionVisit,Batu,"","",60,Lunch in Batu
104,32,6,14:00,"","Take photos at Taman Langit & Goa Pinus. This segment is dedicated to visiting both photo-focused spots as listed, using the scheduled duration to explore viewpoints and complete the planned photo session.",TouristAttractionVisit,Taman Langit & Goa Pinus,"","",90,Photo Session at Taman Langit
105,32,7,16:00,"","Visiting Apple Picking Agrotourism. Use this stop to experience the apple-picking agrotourism visit as scheduled, including time for the on-site activity flow within the allotted duration.",TouristAttractionVisit,Apple Picking Agrotourism,"","",60,Visit Apple Picking Agrotourism
106,32,8,17:00,"","Back to the hotel in Malang. Conclude the city tour route and return by road to the hotel, completing the day’s program upon arrival back at the accommodation.",TravelAction,"",Batu,Malang,60,Return to Malang Hotel
107,33,1,"08:00","",Breakfast at the hotel and free time. This morning block is reserved for breakfast and unstructured time at the Malang hotel before the scheduled midday pickup and transfer to the Tumpak Sewu area.,TouristAttractionVisit,Malang Hotel,"","",240,Breakfast and Free Time
108,33,2,12:00,"",Pickup at your hotel/location in Malang. Meet at the agreed pickup point in Malang and begin the overland transfer to the Tumpak Sewu area (Lumajang) as scheduled.,TravelAction,"",Malang,Tumpak Sewu Area,150,Malang to Tumpak Sewu Transfer
109,33,3,14:30,"","Arrive at the Tumpak Sewu area (Lumajang), check-in at the homestay. Arrive in the accommodation zone near Tumpak Sewu and complete the homestay check-in process, preparing for the waterfall program.",CheckInAction,Tumpak Sewu Homestay,"","",10,Check-in Tumpak Sewu Homestay
110,36,1,"08:00","",Check-out from Malang hotel. Complete check-out procedures and prepare for departure to begin the day tour route before the return to Surabaya.,CheckOutAction,Malang Hotel,"","",10,Check-out Malang Hotel
111,36,2,"08:30","","Starting the tour to the Batu area. Begin the transfer from Malang toward Batu City, starting the day’s touring sequence in the Batu area within the allocated time block.",TravelAction,Batu City,"","",240,Malang to Batu Tour Start
112,36,3,12:30,"","Lunch in Batu (cost not included). Take the planned lunch break in Batu, with time to dine and rest before departing toward Surabaya later in the day.",TouristAttractionVisit,Batu,"","",90,Lunch in Batu
113,36,4,14:00,"","Transfer to Surabaya City. Depart Batu and start the overland transfer to Surabaya, shifting from the Batu area touring segment to the final return leg.",TravelAction,"",Batu,Surabaya,150,Batu to Surabaya Transfer
114,36,5,16:30,"","Arrive in Surabaya, transfer to hotel/airport. Complete arrival in Surabaya and proceed with the final drop-off to the requested hotel or airport location. Tour ends after drop-off.",TravelAction,"","",Surabaya,30,Arrival in Surabaya
115,35,1,"03:30","",Check out and heading to Tumpak Sewu. Complete early check-out in Malang and begin the direct transfer to the Tumpak Sewu area to start the day’s waterfall program on schedule.,TravelAction,"",Malang,Tumpak Sewu,180,Malang to Tumpak Sewu Transfer
116,35,2,"06:30","","Starting the Tumpak Sewu trekking. Begin the scheduled trekking session at Tumpak Sewu, using the allocated time for the on-site waterfall-area experience before the long transfer continues.",TouristAttractionVisit,Tumpak Sewu,"","",240,Tumpak Sewu Trekking
117,35,3,10:30,"","After trekking, have a quick lunch (included). Take the included lunch break after trekking, keeping the stop efficient to match the day’s long-distance transfer schedule.",TouristAttractionVisit,Tumpak Sewu Area,"","",60,Quick Lunch after Trekking
118,35,4,11:30,"","Start the very long journey to Bondowoso (about 5-6 hours). Depart from the Tumpak Sewu area and begin the extended overland transfer to Bondowoso (Ijen area), using the scheduled travel block for the cross-region drive.",TravelAction,"",Tumpak Sewu,Bondowoso,300,Tumpak Sewu to Bondowoso Journey
119,35,5,16:30,"","Estimated arrival in Bondowoso, check-in hotel. Arrive in Bondowoso and complete the hotel check-in process after the long drive, preparing for the next day’s Ijen schedule.",CheckInAction,Bondowoso Hotel,"","",10,Check-in Bondowoso Hotel
120,35,6,17:00,"",A health screening will be conducted by medical personnel directly at your hotel. This is a brief vital-signs screening step scheduled as a prerequisite before the Ijen climbing program.,TouristAttractionVisit,Bondowoso Hotel,"","",15,Ijen health screening
121,35,7,18:00,"","Dinner is served at the accommodation (included). End the day with the included dinner at the hotel/accommodation, allowing time to rest after trekking and long-distance travel.",TouristAttractionVisit,Bondowoso Hotel,"","",60,Dinner at Accommodation
122,34,1,"03:30","","Pick up at your hotel in Malang, direct to Tumpak Sewu. Meet for early pickup in Malang and start the direct transfer to the Tumpak Sewu area, using the scheduled travel window for the morning approach.",TravelAction,"",Malang,Tumpak Sewu,180,Malang to Tumpak Sewu Transfer
123,34,2,"06:30","","Arrive and start trekking to the base of Tumpak Sewu. Begin the main trekking session on arrival, following the planned on-site route to reach the waterfall base area within the allotted activity block.",TouristAttractionVisit,Tumpak Sewu,"","",240,Tumpak Sewu Trekking
124,34,3,10:30,"","After trekking, have lunch (included). Take the included lunch break after completing the trekking session, allowing time to sit down and recover before the onward transfer.",TouristAttractionVisit,Tumpak Sewu Area,"","",60,Lunch after Trekking
125,34,4,23:30,"",Starting the journey to the Bromo area. Depart from the Tumpak Sewu area and begin the overland transfer to the Bromo accommodation zone as scheduled for the day’s route.,TravelAction,"",Tumpak Sewu,Bromo Area,240,Tumpak Sewu to Bromo Journey
126,34,5,16:30,"","Arrive at Bromo, check-in hotel. Arrive in the Bromo area and complete the hotel check-in process, concluding the day’s transition and preparing for the next schedule.",CheckInAction,Bromo Hotel,"","",10,Check-in Bromo Hotel
127,9,1,"08:00","",Breakfast at the hotel and free time until check-out time. This block is reserved for your morning meal and unstructured time at the hotel before the scheduled airport transfer.,TouristAttractionVisit,Hotel,"","",60,Breakfast and Free Time
128,9,2,"09:00","",Pick up at your hotel lobby (planned 3 hours before your flight departure time) and transfer to Juanda Airport. This segment covers the direct road transfer to the airport for your departure connection.,TravelAction,"",Hotel,Juanda Airport,60,Transfer to Juanda Airport
129,3,1,"09:00","",Morning pickup at your location in Surabaya. Meet our team at the agreed pick-up point and begin the long overland transfer to Banyuwangi (Ijen area) following the day’s route schedule.,TravelAction,"",Surabaya,Banyuwangi,210,Surabaya to Banyuwangi Transfer
130,3,2,12:30,"","Stop for lunch at a beachside restaurant (cost not included). This is the planned meal stop on the way to Banyuwangi, with an extended break window to dine and rest before continuing the transfer.",TouristAttractionVisit,Beachside Restaurant,"","",210,Lunch at Beachside
131,3,3,16:00,"","Arrive in Banyuwangi and proceed with hotel check-in. This is the arrival step at your accommodation after the transfer, followed by the standard check-in process.",CheckInAction,Banyuwangi Hotel,"","",30,Check-in Banyuwangi Hotel
132,3,4,17:00,"","A health screening will be conducted by medical personnel directly at your hotel. This is the scheduled Ijen health screening session listed in the itinerary, conducted at the hotel.",TouristAttractionVisit,Banyuwangi Hotel,"","",120,Ijen health screening
133,3,5,19:00,"","Dinner is served at the accommodation or a nearby restaurant (included). This is the planned dinner time at the end of the travel day, provided as an included meal.",TouristAttractionVisit,Banyuwangi Hotel,"","",60,Dinner at Accommodation
134,2,1,11:00,"","Pickup by our team at your location in Surabaya. After meeting at the confirmed pick-up point, begin the overland transfer toward Bondowoso (Ijen area) as scheduled in the route plan.",TravelAction,"",Surabaya,Bondowoso,300,Surabaya to Bondowoso Transfer
135,2,2,13:30,"","Stop at a local restaurant for lunch (cost not included). This is the planned meal break during the transfer, allowing time to order food and rest briefly before continuing to Bondowoso.",TouristAttractionVisit,Local Restaurant,"","",60,Lunch at Local Restaurant
136,2,3,16:00,"",Arrive in Bondowoso and complete the hotel check-in process. This step covers arrival at the accommodation and the basic check-in procedure so you can settle in after the transfer.,CheckInAction,Bondowoso Hotel,"","",10,Check-in Bondowoso Hotel
137,2,4,17:00,"",A health screening will be conducted by medical personnel directly at your hotel. This is a scheduled screening session as listed in the itinerary to complete the required check before the Ijen-area program.,TouristAttractionVisit,Bondowoso Hotel,"","",90,Ijen health screening
138,2,5,18:00,"","Dinner is served at the accommodation or a nearby restaurant (included). This is the planned dinner time after the transfer and screening, scheduled as an included meal for the day.",TouristAttractionVisit,Bondowoso Hotel,"","",60,Dinner at Accommodation
139,1,1,"00:00","","Pickup at your location in Surabaya. Our team meets you at the agreed pick-up point, confirms the booking details, and begins the overnight overland drive toward the Bromo transit point to start the midnight tour flow.",TravelAction,"",Surabaya,Bromo Transit,150,Surabaya to Bromo Pickup
140,1,2,"02:30","","Arrive at the Bromo transit point and transition to a private 4WD Jeep. After switching vehicles, the Bromo sunrise program starts, continuing by Jeep into the Bromo area according to the sunrise touring sequence.",TouristAttractionVisit,Bromo Transit Point,"","",180,Start Bromo Sunrise Tour
141,1,3,"05:30","","Witness the sunrise from the viewpoint area. This is the dedicated time window for sunrise viewing, taking photos, and enjoying the changing light across the landscape from the designated Bromo viewpoint.",TouristAttractionVisit,Bromo Viewpoint,"","",210,Bromo Sunrise Viewing
142,1,4,"07:00","","Explore the Sea of Sand and continue to the Bromo crater area. This segment covers moving through the Sea of Sand zone and completing the approach to the crater, including the climb up to the crater viewpoint/rim area as stated in the route plan.",TouristAttractionVisit,Sea of Sand and Bromo Crater,"","",120,Explore Sea of Sand and Bromo Crater
143,1,5,"09:00","","After completing the Bromo activity sequence, return from the Bromo area to the transit point. This is the regrouping and transfer-back step before the breakfast stop and the return drive.",TravelAction,"",Bromo,Transit Point,30,Return to Transit Point
144,1,6,"09:30","","Enjoy a simple breakfast at a local restaurant (included). This is a short, practical meal break after the Bromo morning route, with time to sit down and recharge before departing back to Surabaya.",TouristAttractionVisit,Local Restaurant,"","",60,Simple Breakfast
145,1,7,10:30,"",Start the journey back to Surabaya. This is the main return transfer segment by road after finishing the Bromo sunrise route and breakfast stop.,TravelAction,"",Bromo,Surabaya,240,Bromo to Surabaya Return
146,1,8,14:30,"","Estimated arrival back in Surabaya. Upon arrival, proceed with the final transfer to your requested drop-off point (hotel/airport/station). Tour ends after the drop-off is completed.",TravelAction,"","",Surabaya,30,Arrival in Surabaya
147,4,1,12:00,"","Pickup at your location in Surabaya. Meet our team at the confirmed pick-up point, complete a quick departure check, and begin the transfer toward the Mount Bromo area (Cemoro Lawang).",TravelAction,"",Surabaya,Bromo Area,30,Surabaya to Bromo Pickup
148,4,2,12:30,"","Stop at a local restaurant for lunch (cost not included). This is the planned lunch break during the transfer day, allowing time to order and dine before continuing to the Bromo area.",TouristAttractionVisit,Local Restaurant,"","",210,Lunch at Local Restaurant
149,4,3,16:00,"",Arrive at the Mount Bromo area and complete hotel check-in. This step covers arrival at your accommodation in the Bromo area and settling in for the next part of the program.,CheckInAction,Mount Bromo Hotel,"","",10,Check-in Bromo Hotel
150,7,1,"08:00","",Enjoy breakfast at the accommodation (included). This is the planned morning start with breakfast at your hotel/accommodation before the city tour departures.,TouristAttractionVisit,Accommodation,"","",60,Breakfast at Accommodation
151,7,2,"09:00","",Pick up at your hotel in Surabaya and transfer to the Heroes Monument area. This is the short transfer to the first city tour stop to begin the day’s sequence.,TravelAction,"",Hotel in Surabaya,Heroes Monument,30,Pick up and Transfer to Heroes Monument
152,7,3,"09:30","",Visit the Heroes Monument & Museum November 10. This visit window is allocated for exploring the monument area and the museum exhibits as part of the Surabaya city tour program.,TouristAttractionVisit,Heroes Monument & Museum November 10,"","",120,Visit Heroes Monument & Museum
153,7,4,11:30,"","House of Sampoerna Tour. This scheduled visit time is dedicated to touring the House of Sampoerna site according to the city tour plan, including time for walking through the designated areas of the attraction.",TouristAttractionVisit,House of Sampoerna,"","",90,House of Sampoerna Tour
154,7,5,13:00,"","Lunch with typical Surabaya cuisine (fees not included). This is the planned meal stop during the city tour, allowing time to order local dishes and take a short rest before continuing.",TouristAttractionVisit,Local Restaurant in Surabaya,"","",90,Lunch with Surabaya Cuisine
155,7,6,14:30,"",Take pictures at Cheng Ho Mosque. This is a dedicated photo stop at the mosque location as part of the afternoon city tour sequence.,TouristAttractionVisit,Cheng Ho Mosque,"","",60,Photo Session at Cheng Ho Mosque
156,7,7,15:30,"","Cross the Suramadu Bridge. This segment covers the scheduled crossing of the bridge as part of the route flow, with time allocated for the drive across.",TouristAttractionVisit,Suramadu Bridge,"","",60,Crossing Suramadu Bridge
157,7,8,16:30,"","Return to the hotel in Surabaya. This is the final transfer back from the last stop, concluding the day tour upon arrival at the hotel.",TravelAction,"",Suramadu Bridge,Hotel in Surabaya,30,Return to Hotel
158,5,1,12:00,"",Pickup at your location in Surabaya and begin the transfer to the Tumpak Sewu area (Lumajang). This segment is the overland journey from the city to the waterfall area accommodation zone.,TravelAction,"",Surabaya,Tumpak Sewu area,210,Pickup and Transfer to Tumpak Sewu
159,5,2,15:30,"",Arrive at the Tumpak Sewu area and check in at the homestay/cottage. This is the scheduled arrival and check-in process so you can settle at the accommodation near the Tumpak Sewu area.,CheckInAction,Homestay in Tumpak Sewu area,"","",30,Check-in at Tumpak Sewu Homestay
160,6,1,"08:00","","Enjoy breakfast at the accommodation (included). This is the scheduled morning meal time before departure, allowing you to start the day with breakfast at your accommodation.",TouristAttractionVisit,Accommodation,"","",60,Breakfast at Accommodation
161,6,2,"09:00","",Pick up at your hotel in Surabaya and depart for Prigen Safari Park. This is the transfer segment from Surabaya to the safari destination to begin the day’s planned visit.,TravelAction,"",Hotel in Surabaya,Prigen Safari Park,90,Pick up and Transfer to Prigen Safari
162,6,3,10:30,"","Arrive at Prigen Safari Park and start the Safari Adventure. This is the main safari visit window, allocated for entering the park and following the planned safari activities during your time on-site.",TouristAttractionVisit,Prigen Safari Park,"","",150,Safari Adventure at Prigen
163,6,4,13:00,"","Lunch inside the safari area (fees not included). This is the scheduled lunch break within the park area, allowing time to order and dine before continuing the day’s onward travel.",TouristAttractionVisit,Safari Area Restaurant,"","",120,Lunch at Safari Area
164,6,5,15:00,"",Finish at Taman Safari and begin the journey to the Bromo area. This segment marks the transition from the safari visit to the overland transfer toward your Bromo-area accommodation.,TravelAction,"",Prigen Safari Park,Bromo area,120,Transfer to Bromo Area
165,6,6,17:00,"",Arrive in the Bromo area and check in at the hotel. This is the scheduled arrival and check-in process at your accommodation in the Bromo area after the transfer.,CheckInAction,Hotel in Bromo area,"","",30,Check-in at Bromo Hotel
166,26,1,"07:30","","Starting the Tumpak Sewu trekking. Begin the scheduled trekking session at Tumpak Sewu Waterfall, using the allotted time to complete the on-site waterfall experience before the long transfer day continues.",TouristAttractionVisit,Tumpak Sewu Waterfall,"","",240,Tumpak Sewu Trekking
167,26,2,11:30,"","Lunch (included), then start the long journey to Bondowoso (about 5-6 hours). Take the included lunch break and proceed directly into the extended overland transfer from Tumpak Sewu toward Bondowoso (Ijen area).",TravelAction,"",Tumpak Sewu,Bondowoso,300,Lunch and Transfer to Bondowoso
168,26,3,16:30,"","Arrive in Bondowoso, check-in hotel. Reach Bondowoso and complete the hotel check-in process after the long drive, ensuring you are settled for the Ijen-area schedule.",CheckInAction,Hotel in Bondowoso,"","",10,Check-in at Bondowoso Hotel
169,26,4,17:00,"",A health screening will be conducted by medical personnel directly at your hotel. This is a brief vital-signs screening step scheduled as a prerequisite before the Ijen climbing program.,TouristAttractionVisit,Hotel in Bondowoso,"","",15,Health screening for Ijen Climb
170,26,5,18:00,"","Dinner is served at the accommodation (included). End the day with the included dinner at the accommodation, allowing time to rest after trekking and a long transfer.",TouristAttractionVisit,Accommodation,"","",60,Dinner at Accommodation
171,25,1,"07:30","","Starting the Tumpak Sewu trekking. Begin the scheduled trekking session at Tumpak Sewu Waterfall, following the planned route on-site to experience the waterfall area during the allocated activity block.",TouristAttractionVisit,Tumpak Sewu Waterfall,"","",240,Tumpak Sewu Trekking
172,25,2,11:30,"","Lunch at a local restaurant (included). Take the planned lunch break after the trekking session, with time to sit down and eat before the long afternoon transfer.",TouristAttractionVisit,Local Restaurant,"","",60,Lunch
173,25,3,12:30,"",Starting the journey to the Mount Bromo area. Depart from the Tumpak Sewu area and begin the overland transfer to the Mount Bromo accommodation zone as scheduled.,TravelAction,"",Tumpak Sewu,Mount Bromo area,270,Transfer to Mount Bromo Area
174,25,4,16:30,"","Arrive at Bromo area and check-in hotel. Reach the Bromo area and complete hotel check-in, concluding the day’s relocation and preparing for the next morning’s Bromo program.",CheckInAction,Hotel in Bromo area,"","",10,Check-in at Bromo Hotel
175,28,1,"07:30","","Starting the Tumpak Sewu trekking. Begin the scheduled trekking session at Tumpak Sewu Waterfall, focusing on the on-site waterfall experience during the allocated morning block.",TouristAttractionVisit,Tumpak Sewu Waterfall,"","",240,Tumpak Sewu Trekking
176,28,2,11:30,"","Lunch (included), then travel to Malang (about 2-3 hours). Take the included lunch break after trekking, then depart on the planned road transfer to Malang.",TravelAction,"",Tumpak Sewu,Malang,180,Lunch and Transfer to Malang
177,28,3,14:30,"","Arrive in Malang, check-in hotel. Reach Malang and complete hotel check-in, concluding the day’s transition from the Tumpak Sewu area to the city base.",CheckInAction,Hotel in Malang,"","",10,Check-in at Malang Hotel
178,27,1,"07:30","","Starting the Tumpak Sewu trekking. Begin the scheduled trekking experience at Tumpak Sewu Waterfall, using the allocated block to complete the waterfall-area visit before returning to Surabaya later.",TouristAttractionVisit,Tumpak Sewu Waterfall,"","",240,Tumpak Sewu Trekking
179,27,2,11:30,"","Lunch (included), then travel to Surabaya (about 4-5 hours). Take the included lunch break and then begin the long road transfer back to Surabaya as scheduled.",TravelAction,"",Tumpak Sewu,Surabaya,300,Lunch and Transfer to Surabaya
180,27,3,16:30,"","Arrive in Surabaya, transfer to hotel/airport. Tour ends. Reach Surabaya and complete the final transfer to the requested drop-off point (hotel/airport), concluding the tour services.",TravelAction,"","",Surabaya Hotel/Airport,30,Arrival and Transfer in Surabaya
181,37,1,12:00,"","Pickup at your location in Surabaya. Meet at the confirmed pickup point and begin the transfer, starting with a short drive segment toward the planned lunch stop.",TravelAction,"",Surabaya,Local Restaurant,30,Pickup and Transfer to Lunch Stop
182,37,2,12:30,"","Stop at a local restaurant for lunch (cost not included). Take the scheduled lunch break, with time to order food and rest briefly before continuing the drive to Malang.",TouristAttractionVisit,Local Restaurant,"","",60,Lunch Stop
183,37,3,15:30,"","Arrive in Malang, check-in at your hotel. Reach Malang and complete the check-in process at your accommodation, concluding the transfer day upon successful check-in.",CheckInAction,Hotel in Malang,"","",30,Check-in at Malang Hotel
184,38,1,"09:00",WIB,"Short break after Ijen Hike. Use this short recovery window in the Ijen area to rest briefly after the hike, reorganize personal items, and prepare for the onward transfer to the harbor.",TouristAttractionVisit,Ijen Area,"","",30,Short break after the hike
185,38,2,"09:30",WIB,Start the journey to Ketapang Harbor. Depart from the Ijen area and begin the road transfer to Ketapang Harbor to connect with the ferry crossing to Bali.,TravelAction,"",Ijen area,Ketapang Harbor,60,Transfer to Ketapang
186,38,3,10:30,WIB,Arrive at Ketapang Port and board the ferry. Proceed through the port arrival and boarding flow to begin the ferry crossing toward Gilimanuk Harbor in Bali.,TravelAction,"",Ketapang Port,Gilimanuk Harbor,60,Ferry to Gilimanuk Harbor
187,38,4,12:30,"","Arrive at Gilimanuk Harbor, Bali (+1 hour time zone). Disembark at Gilimanuk and adjust to the time zone difference, completing the crossing segment upon arrival in Bali.",TravelAction,"",Gilimanuk Harbor,Bali,10,Arrival at Bali
189,39,1,"08:00","","Short break after Ijen Hike. Take a short recovery break in the Ijen area after the hike, allowing time to rest briefly and prepare for the return logistics.",TouristAttractionVisit,Ijen Area,"","",30,Short break after the hike
190,39,2,"09:00","","Return to hotel in Bondowoso, before start the journey to Surabaya. Depart from the Ijen area and proceed with the transfer flow toward Surabaya as scheduled, closing the Ijen-area segment for the day.",TravelAction,"",Ijen area,Surabaya,390,Check-out and Transfer to Surabaya
191,39,3,12:00,"","Having lunch at the hotel. Use this planned meal break at the hotel restaurant as scheduled, allowing time to sit down and eat before continuing the remaining transfer segment.",TouristAttractionVisit,Restaurant at the hotel,"","",60,Having lunch at the hotel
192,39,4,16:00,"","Arrive in Surabaya, transfer to hotel/airport. Tour ends. Reach Surabaya and complete the final transfer to the requested drop-off point (hotel/airport), concluding services after drop-off.",TravelAction,"","",Surabaya Hotel/Airport,30,Arrival and Transfer in Surabaya
193,40,1,"09:00","","Short break after Ijen Hike. Use this recovery window at the accommodation in the Ijen area for breakfast and a short rest after the hike, preparing for check-out and the next transfer.",TouristAttractionVisit,Accommodation in Ijen,"","",60,Breakfast at Accommodation
194,40,2,"09:30","",Start the journey to Tumpak Sewu area. Check out from the Ijen area and begin the long overland transfer to Lumajang (Tumpak Sewu area) as scheduled for the day.,TravelAction,"",Ijen area,Lumajang,390,Check-out and Transfer to Lumajang
195,40,3,12:30,"","Quick lunch stop on the way (cost not included). Take a short meal break during the transfer, allowing time to eat and rest briefly before continuing the drive to the Tumpak Sewu area.",TouristAttractionVisit,Local Restaurant on the way,"","",60,Quick Lunch Stop
196,40,4,16:00,"","Arrive at the Tumpak Sewu area (Lumajang) and check-in at the homestay. Reach the homestay in the Tumpak Sewu area and complete the check-in process, concluding the day’s transfer.",CheckInAction,Homestay in Tumpak Sewu,"","",30,Check-in at Tumpak Sewu Homestay
197,41,1,"02:00","","Starting the Bromo Jeep tour. Begin the scheduled early-morning Jeep-based Bromo sunrise program, following the Mount Bromo touring sequence within the allocated time block.",TouristAttractionVisit,Mount Bromo,"","",390,Bromo Jeep Tour
198,41,2,"09:00","","Back to the hotel for breakfast. Return from the Bromo program to the hotel and take the planned breakfast break, allowing time to rest briefly before check-out and the next destination transfer.",TouristAttractionVisit,Hotel,"","",60,Breakfast at Hotel
199,41,3,11:00,"","Check-out, travel to Madakaripura Waterfall. Complete the hotel check-out process in the Bromo area, then begin the road transfer to Madakaripura Waterfall to start the canyon waterfall segment of the day.",TravelAction,"",Bromo Hotel,Madakaripura Waterfall,60,Check-out and Transfer to Madakaripura
200,41,4,"00:00","","Arrive at Madakaripura and start trekking. Arrive at the Madakaripura area and begin the scheduled trekking session, using the full activity block for the on-site waterfall exploration as planned.",TouristAttractionVisit,Madakaripura Waterfall,"","",180,Madakaripura Trekking
201,41,5,15:00,"","Finish explore Madakaripura waterfall. Conclude the trekking and on-site exploration segment at Madakaripura, regroup at the designated meeting point, and prepare for departure to the next transfer leg.",TravelAction,Madakaripura Waterfall,"","","0",Finish explore Madakaripura waterfall
202,41,6,15:00,"","Start the long journey to Bondowoso (about 3 hours). Depart from the Madakaripura area and begin the overland transfer to Bondowoso (Ijen area), using the scheduled travel window for the afternoon relocation.",TravelAction,"",Madakaripura,Bondowoso,180,Transfer to Bondowoso
203,41,7,18:00,"","Arrive in Bondowoso, check-in hotel. Reach Bondowoso and complete the hotel check-in process after the long day, ensuring you are settled before the evening prerequisite procedures.",CheckInAction,Hotel in Bondowoso,"","",10,Check-in at Bondowoso Hotel
204,41,8,18:30,"",A health screening will be conducted by medical personnel directly at your hotel. This is a brief vital-signs check scheduled as a prerequisite before the Ijen climbing program.,TouristAttractionVisit,Hotel in Bondowoso,"","",15,Health screening for Ijen
205,41,9,19:00,"","Dinner is served at the accommodation (included). End the day with the included dinner at the accommodation, allowing time to rest after the early start, trekking, and long-distance travel.",TouristAttractionVisit,Accommodation,"","",60,Dinner at Accommodation
206,42,1,"02:00","","Starting the Bromo Jeep tour. Begin the scheduled early-morning Jeep-based Bromo sunrise program, completing the Mount Bromo touring block within the allocated time window before continuing to the next destination.",TouristAttractionVisit,Mount Bromo,"","",390,Bromo Jeep Tour
207,42,2,"09:00","","Back to the hotel for breakfast. Return from the Bromo program to the hotel and take the planned breakfast break, allowing time to refresh before check-out and transfer to Madakaripura.",TouristAttractionVisit,Hotel,"","",90,Breakfast at Hotel
208,42,3,11:00,"","Check-out, travel to Madakaripura Waterfall. Complete hotel check-out in the Bromo area and begin the transfer to Madakaripura Waterfall, moving to the canyon-waterfall segment of the day.",TravelAction,"",Bromo Hotel,Madakaripura Waterfall,60,Check-out and Transfer to Madakaripura
209,42,4,"00:00","","Arrive at Madakaripura and start trekking. Arrive at the Madakaripura area and begin the scheduled trekking session, using the allocated time for on-site exploration of the waterfall area as planned.",TouristAttractionVisit,Madakaripura Waterfall,"","",120,Madakaripura Trekking
210,42,5,15:00,"","Finish explore Madakaripura waterfall. Conclude the trekking and exploration segment at Madakaripura, regroup at the meeting point, and transition to the next transfer leg according to schedule.",TouristAttractionVisit,Madakaripura Waterfall,"","","0",Finish explore Madakaripura waterfall
211,42,6,15:00,"","Start the journey to Malang (about 3-4 hours). Depart from the Madakaripura area and begin the overland transfer to Malang, using the planned travel time for the afternoon relocation.",TravelAction,"",Madakaripura,Malang,180,Transfer to Malang
212,42,7,18:30,"","Arrive in Malang, check-in hotel. Reach Malang and complete hotel check-in, concluding the day’s program upon arrival at the accommodation.",CheckInAction,Hotel in Malang,"","",10,Check-in at Malang Hotel
213,43,1,"02:00","","Starting the Bromo Jeep tour. Begin the scheduled early-morning Jeep-based Mount Bromo program, completing the sunrise touring block as the first major segment of the marathon day.",TouristAttractionVisit,Mount Bromo,"","",390,Bromo Jeep Tour
214,43,2,"09:00","",Back to the hotel for breakfast. Return to the hotel after the Bromo program and take the planned breakfast break before check-out and transfer to Madakaripura.,TouristAttractionVisit,Hotel,"","",60,Breakfast at Hotel
215,43,3,10:00,"","Check-out, travel to Madakaripura Waterfall. Complete hotel check-out in the Bromo area and begin the transfer to Madakaripura Waterfall for the planned trekking session.",TravelAction,"",Bromo Hotel,Madakaripura Waterfall,60,Check-out and Transfer to Madakaripura
216,43,4,11:00,"","Arrive at Madakaripura and start trekking. Arrive at Madakaripura and start the scheduled trekking/exploration session, using the allocated time to complete the on-site waterfall visit.",TouristAttractionVisit,Madakaripura Waterfall,"","",180,Madakaripura Trekking
217,43,5,13:30,"","After trekking, have lunch (fees not included). Take the planned lunch break after trekking, allowing time to eat and rest before the long afternoon transfer to Ketapang Harbor.",TouristAttractionVisit,Local Restaurant,"","",60,Lunch after Trekking
218,43,6,14:30,"","Start the very long journey to Ketapang Harbor (about 5-6 hours). Depart Madakaripura and begin the extended overland transfer to Ketapang Harbor, timing the drive to reach the harbor connection on schedule.",TravelAction,"",Madakaripura,Ketapang Harbor,360,Transfer to Ketapang Harbor
219,43,7,20:30,"","Arrive at Ketapang Harbor (Banyuwangi). Our Java-side tour ends here. Reach Ketapang Harbor and complete the arrival handover; this is the end point of the Java-side land tour services for the day.",TravelAction,"","",Ketapang Harbor,30,Arrival at Ketapang Harbor
220,44,1,"02:00","","Starting the Bromo Jeep tour. Begin the scheduled early-morning Jeep-based Mount Bromo program, completing the sunrise touring block before continuing to the waterfall and transfer segments.",TouristAttractionVisit,Mount Bromo,"","",390,Bromo Jeep Tour
221,44,2,"09:00","","Back to the hotel for breakfast. Return to the hotel after the Bromo program and take breakfast as scheduled, allowing time to refresh before check-out and transfer to Madakaripura.",TouristAttractionVisit,Hotel,"","",60,Breakfast at Hotel
222,44,3,11:00,"","Check-out, travel to Madakaripura Waterfall. Complete hotel check-out in the Bromo area and begin the road transfer to Madakaripura Waterfall for the planned trekking session.",TravelAction,"",Bromo Hotel,Madakaripura Waterfall,60,Check-out and Transfer to Madakaripura
223,44,4,"00:00","","Arrive at Madakaripura and start trekking. Arrive at Madakaripura and start the scheduled trekking/exploration program, using the allocated time for the on-site waterfall experience.",TouristAttractionVisit,Madakaripura Waterfall,"","",180,Madakaripura Trekking
224,44,5,15:00,"","Finish explore Madakaripura waterfall. Conclude the trekking and on-site exploration at Madakaripura, regroup as scheduled, and prepare for departure toward the Tumpak Sewu (Lumajang) area.",TouristAttractionVisit,Local Restaurant,"","","0",Finish explore Madakaripura waterfall
225,44,6,15:00,"",Start the journey to the Tumpak Sewu area (Lumajang) (about 3-4 hours). Depart from the Madakaripura area and begin the overland transfer to the Tumpak Sewu accommodation zone in Lumajang.,TravelAction,"",Madakaripura,Tumpak Sewu area,210,Transfer to Tumpak Sewu Area
226,44,7,18:00,"","Arrive at the Tumpak Sewu area, check-in at the homestay. Reach the Tumpak Sewu area and complete the homestay check-in process, concluding the day’s multi-stop transfer schedule.",CheckInAction,Homestay in Tumpak Sewu,"","",30,Check-in at Tumpak Sewu Homestay
227,45,1,"08:00","","Breakfast at your hotel in Malang (included). Start the morning with the included breakfast at the Malang hotel, allowing time to prepare and organize for the scheduled midday departure to the Bromo area.",TouristAttractionVisit,Hotel in Malang,"","",60,Breakfast at Hotel
228,45,2,12:00,"","Pickup at your hotel in Malang and start the journey to Bromo. Meet at the hotel pickup point and begin the overland transfer from Malang to the Bromo area, using the allocated travel time for the climb toward Cemoro Lawang.",TravelAction,"",Hotel in Malang,Bromo,150,Pickup and Transfer to Bromo
229,45,3,14:30,"","Arrive in the Cemoro Lawang (Bromo) area and check-in at your hotel. Arrive in Cemoro Lawang and complete the hotel check-in process, settling in at the Bromo-area accommodation in preparation for the upcoming Bromo schedule.",CheckInAction,Hotel in Cemoro Lawang,"","",10,Check-in at Bromo Hotel
